user_id,department,home_office,home_lat,home_lon,home_country,usual_os,usual_browser,login_start_hour,login_end_hour,mfa_enabled,vpn_habit
U0001,Finance,HQ_NewYork,40.7128,-74.006,USA,Windows_10,Firefox,7,17,True,False
U0002,Finance,Branch_Berlin,52.52,13.405,Germany,Windows_11,Chrome,7,18,True,False
U0003,Customer_Support,HQ_London,51.5074,-0.1278,UK,Windows_10,Safari,9,19,True,True
U0004,HR,Branch_Toronto,43.6532,-79.3832,Canada,macOS,Edge,7,18,False,True
U0005,Finance,Branch_Singapore,1.3521,103.8198,Singapore,macOS,Edge,9,19,True,False
U0006,Customer_Support,HQ_NewYork,40.7128,-74.006,USA,Windows_11,Edge,9,19,True,False
U0007,Engineering,Branch_Toronto,43.6532,-79.3832,Canada,macOS,Chrome,7,17,True,False
U0008,IT_Ops,HQ_London,51.5074,-0.1278,UK,macOS,Firefox,9,19,True,False
U0009,Finance,Branch_Berlin,52.52,13.405,Germany,Windows_10,Firefox,8,20,True,False
U0010,Customer_Support,HQ_London,51.5074,-0.1278,UK,Windows_11,Firefox,7,19,True,True
U0011,Executive,Branch_Toronto,43.6532,-79.3832,Canada,Windows_10,Safari,8,20,True,True
U0012,Customer_Support,Branch_Berlin,52.52,13.405,Germany,Ubuntu_22,Safari,8,18,False,True
U0013,R&D,HQ_NewYork,40.7128,-74.006,USA,Windows_11,Firefox,9,18,True,False
U0014,Finance,Branch_Singapore,1.3521,103.8198,Singapore,Ubuntu_22,Edge,9,17,True,True
U0015,Customer_Support,Branch_Sydney,-33.8688,151.2093,Australia,macOS,Chrome,8,20,True,True
U0016,Marketing,Branch_Berlin,52.52,13.405,Germany,Windows_11,Edge,9,18,True,False
U0017,Customer_Support,Branch_Sydney,-33.8688,151.2093,Australia,macOS,Safari,7,17,False,False
U0018,Marketing,HQ_London,51.5074,-0.1278,UK,Windows_10,Chrome,7,20,True,False
U0019,Customer_Support,Branch_Sydney,-33.8688,151.2093,Australia,Windows_10,Safari,9,18,True,False
U0020,Legal,HQ_London,51.5074,-0.1278,UK,macOS,Safari,9,19,True,False
U0021,Finance,HQ_London,51.5074,-0.1278,UK,Windows_11,Edge,7,18,True,True
U0022,Engineering,HQ_London,51.5074,-0.1278,UK,Windows_11,Edge,7,18,True,False
U0023,Customer_Support,HQ_London,51.5074,-0.1278,UK,Windows_10,Safari,8,18,True,False
U0024,IT_Ops,Branch_Singapore,1.3521,103.8198,Singapore,Ubuntu_22,Chrome,9,17,True,False
U0025,Finance,HQ_London,51.5074,-0.1278,UK,Windows_10,Safari,7,20,True,False
U0026,Finance,Branch_Singapore,1.3521,103.8198,Singapore,Windows_11,Chrome,7,18,True,False
U0027,Sales,Branch_Sydney,-33.8688,151.2093,Australia,Windows_11,Firefox,8,17,False,True
U0028,R&D,Branch_Bengaluru,12.9716,77.5946,India,Ubuntu_22,Firefox,7,19,True,True
U0029,Customer_Support,HQ_NewYork,40.7128,-74.006,USA,Windows_11,Chrome,9,20,True,False
U0030,HR,HQ_NewYork,40.7128,-74.006,USA,Windows_10,Chrome,9,17,True,True
U0031,Finance,Branch_Berlin,52.52,13.405,Germany,Windows_11,Chrome,8,19,False,True
U0032,IT_Ops,HQ_London,51.5074,-0.1278,UK,Ubuntu_22,Firefox,9,19,True,False
U0033,Finance,HQ_NewYork,40.7128,-74.006,USA,Windows_11,Chrome,9,18,True,True
U0034,IT_Ops,HQ_NewYork,40.7128,-74.006,USA,macOS,Edge,7,20,True,False
U0035,Executive,Branch_Sydney,-33.8688,151.2093,Australia,macOS,Chrome,7,19,True,True
U0036,Customer_Support,HQ_London,51.5074,-0.1278,UK,macOS,Firefox,9,19,True,False
U0037,Marketing,Branch_Berlin,52.52,13.405,Germany,macOS,Chrome,7,20,True,True
U0038,IT_Ops,Branch_Sydney,-33.8688,151.2093,Australia,macOS,Firefox,9,20,True,False
U0039,Engineering,HQ_NewYork,40.7128,-74.006,USA,Windows_10,Chrome,8,18,True,True
U0040,IT_Ops,Branch_Sydney,-33.8688,151.2093,Australia,macOS,Firefox,9,18,True,False
U0041,Customer_Support,Branch_Sydney,-33.8688,151.2093,Australia,Windows_10,Firefox,7,18,False,True
U0042,IT_Ops,Branch_Sydney,-33.8688,151.2093,Australia,Windows_10,Edge,7,17,True,True
U0043,R&D,HQ_London,51.5074,-0.1278,UK,Ubuntu_22,Edge,8,18,True,False
U0044,Legal,Branch_Bengaluru,12.9716,77.5946,India,Windows_11,Edge,8,20,True,False
U0045,IT_Ops,HQ_NewYork,40.7128,-74.006,USA,macOS,Firefox,9,19,True,False
U0046,IT_Ops,Branch_Toronto,43.6532,-79.3832,Canada,Ubuntu_22,Chrome,8,18,True,False
U0047,Engineering,Branch_Berlin,52.52,13.405,Germany,macOS,Safari,7,19,True,False
U0048,Finance,Branch_Toronto,43.6532,-79.3832,Canada,macOS,Safari,8,20,True,False
U0049,Sales,Branch_Singapore,1.3521,103.8198,Singapore,Windows_10,Edge,8,17,True,True
U0050,Executive,Branch_Berlin,52.52,13.405,Germany,Ubuntu_22,Safari,8,18,True,False
U0051,HR,Branch_Toronto,43.6532,-79.3832,Canada,macOS,Edge,7,18,True,True
U0052,Sales,HQ_London,51.5074,-0.1278,UK,Windows_11,Firefox,8,17,True,False
U0053,Executive,HQ_London,51.5074,-0.1278,UK,Ubuntu_22,Safari,7,18,True,True
U0054,Finance,Branch_Sydney,-33.8688,151.2093,Australia,Windows_10,Firefox,9,20,True,True
U0055,Finance,Branch_Singapore,1.3521,103.8198,Singapore,Ubuntu_22,Edge,8,20,True,False
U0056,HR,Branch_Toronto,43.6532,-79.3832,Canada,Ubuntu_22,Edge,7,19,True,False
U0057,Sales,Branch_Bengaluru,12.9716,77.5946,India,Windows_11,Edge,7,19,True,False
U0058,Finance,HQ_London,51.5074,-0.1278,UK,Windows_10,Safari,9,18,True,True
U0059,Legal,Branch_Bengaluru,12.9716,77.5946,India,Ubuntu_22,Chrome,7,20,True,False
U0060,Engineering,Branch_Sydney,-33.8688,151.2093,Australia,Ubuntu_22,Chrome,8,19,True,False
U0061,Legal,Branch_Berlin,52.52,13.405,Germany,Ubuntu_22,Firefox,8,20,True,False
U0062,Legal,Branch_Toronto,43.6532,-79.3832,Canada,Ubuntu_22,Firefox,9,17,False,False
U0063,Engineering,HQ_NewYork,40.7128,-74.006,USA,Windows_10,Safari,7,17,True,True
U0064,R&D,Branch_Bengaluru,12.9716,77.5946,India,Ubuntu_22,Edge,8,19,True,False
U0065,Customer_Support,HQ_NewYork,40.7128,-74.006,USA,Windows_10,Chrome,9,17,True,False
U0066,Sales,Branch_Sydney,-33.8688,151.2093,Australia,Windows_10,Firefox,7,20,True,False
U0067,Sales,Branch_Singapore,1.3521,103.8198,Singapore,macOS,Firefox,9,17,True,True
U0068,Marketing,HQ_NewYork,40.7128,-74.006,USA,macOS,Safari,8,18,True,False
U0069,Sales,HQ_NewYork,40.7128,-74.006,USA,Windows_11,Chrome,8,20,True,True
U0070,IT_Ops,HQ_NewYork,40.7128,-74.006,USA,Ubuntu_22,Chrome,8,19,True,False
U0071,HR,Branch_Singapore,1.3521,103.8198,Singapore,macOS,Safari,8,20,True,False
U0072,IT_Ops,Branch_Sydney,-33.8688,151.2093,Australia,Windows_11,Edge,8,18,True,False
U0073,Legal,Branch_Bengaluru,12.9716,77.5946,India,Ubuntu_22,Edge,7,20,True,False
U0074,IT_Ops,Branch_Bengaluru,12.9716,77.5946,India,Windows_11,Firefox,7,18,True,False
U0075,Sales,Branch_Toronto,43.6532,-79.3832,Canada,Ubuntu_22,Safari,7,17,True,False
U0076,Sales,Branch_Bengaluru,12.9716,77.5946,India,Ubuntu_22,Edge,8,19,True,False
U0077,Marketing,Branch_Bengaluru,12.9716,77.5946,India,Windows_11,Firefox,8,17,True,False
U0078,HR,HQ_London,51.5074,-0.1278,UK,Ubuntu_22,Edge,9,19,False,False
U0079,Marketing,HQ_London,51.5074,-0.1278,UK,Windows_10,Edge,7,18,True,False
U0080,Customer_Support,Branch_Bengaluru,12.9716,77.5946,India,Ubuntu_22,Chrome,7,19,True,False
U0081,HR,HQ_NewYork,40.7128,-74.006,USA,Ubuntu_22,Chrome,7,20,True,False
U0082,Engineering,HQ_London,51.5074,-0.1278,UK,macOS,Chrome,7,17,True,False
U0083,Executive,Branch_Sydney,-33.8688,151.2093,Australia,Ubuntu_22,Safari,8,19,False,False
U0084,Marketing,Branch_Berlin,52.52,13.405,Germany,Windows_11,Firefox,9,18,True,True
U0085,Sales,HQ_London,51.5074,-0.1278,UK,Windows_10,Chrome,8,20,True,False
U0086,Engineering,HQ_London,51.5074,-0.1278,UK,macOS,Safari,7,18,False,False
U0087,Executive,Branch_Toronto,43.6532,-79.3832,Canada,Ubuntu_22,Chrome,9,18,True,False
U0088,HR,HQ_NewYork,40.7128,-74.006,USA,Windows_10,Edge,9,19,True,False
U0089,Marketing,Branch_Toronto,43.6532,-79.3832,Canada,macOS,Safari,8,17,True,False
U0090,IT_Ops,Branch_Berlin,52.52,13.405,Germany,Windows_11,Chrome,7,17,False,False
U0091,Marketing,Branch_Berlin,52.52,13.405,Germany,Windows_10,Safari,9,20,False,True
U0092,Executive,Branch_Singapore,1.3521,103.8198,Singapore,Windows_11,Safari,8,20,True,False
U0093,HR,Branch_Bengaluru,12.9716,77.5946,India,Ubuntu_22,Edge,9,20,True,False
U0094,R&D,HQ_NewYork,40.7128,-74.006,USA,macOS,Edge,7,20,False,False
U0095,Engineering,Branch_Toronto,43.6532,-79.3832,Canada,Ubuntu_22,Chrome,7,19,True,False
U0096,R&D,Branch_Sydney,-33.8688,151.2093,Australia,Windows_10,Edge,9,18,False,False
U0097,R&D,HQ_NewYork,40.7128,-74.006,USA,Windows_10,Firefox,8,17,True,True
U0098,Finance,Branch_Singapore,1.3521,103.8198,Singapore,Windows_10,Safari,9,19,True,True
U0099,R&D,Branch_Singapore,1.3521,103.8198,Singapore,Ubuntu_22,Firefox,8,18,False,False
U0100,HR,Branch_Sydney,-33.8688,151.2093,Australia,macOS,Safari,8,19,True,True
U0101,Marketing,Branch_Sydney,-33.8688,151.2093,Australia,Windows_10,Safari,9,20,True,False
U0102,Customer_Support,Branch_Singapore,1.3521,103.8198,Singapore,macOS,Firefox,9,18,True,True
U0103,Legal,HQ_NewYork,40.7128,-74.006,USA,Ubuntu_22,Safari,8,18,True,True
U0104,Customer_Support,Branch_Berlin,52.52,13.405,Germany,Windows_11,Safari,7,20,True,True
U0105,HR,HQ_NewYork,40.7128,-74.006,USA,macOS,Edge,9,20,True,False
U0106,Customer_Support,Branch_Singapore,1.3521,103.8198,Singapore,Ubuntu_22,Chrome,9,17,True,False
U0107,Marketing,HQ_London,51.5074,-0.1278,UK,Ubuntu_22,Chrome,9,17,True,False
U0108,Engineering,HQ_NewYork,40.7128,-74.006,USA,Windows_11,Edge,8,19,True,True
U0109,Legal,Branch_Berlin,52.52,13.405,Germany,Windows_10,Firefox,7,20,True,True
U0110,Executive,HQ_London,51.5074,-0.1278,UK,Ubuntu_22,Edge,8,19,True,False
U0111,R&D,Branch_Bengaluru,12.9716,77.5946,India,Windows_11,Safari,8,19,True,False
U0112,Marketing,Branch_Singapore,1.3521,103.8198,Singapore,Windows_10,Safari,8,17,True,False
U0113,Executive,Branch_Bengaluru,12.9716,77.5946,India,Windows_11,Safari,8,17,True,False
U0114,Engineering,Branch_Berlin,52.52,13.405,Germany,macOS,Firefox,9,19,True,True
U0115,Marketing,Branch_Toronto,43.6532,-79.3832,Canada,Windows_11,Chrome,8,20,True,False
U0116,HR,HQ_NewYork,40.7128,-74.006,USA,macOS,Safari,7,18,True,False
U0117,IT_Ops,Branch_Berlin,52.52,13.405,Germany,Windows_10,Edge,8,19,True,True
U0118,Finance,Branch_Singapore,1.3521,103.8198,Singapore,Windows_10,Firefox,9,20,False,False
U0119,IT_Ops,HQ_NewYork,40.7128,-74.006,USA,Windows_11,Edge,9,17,True,False
U0120,Marketing,Branch_Berlin,52.52,13.405,Germany,macOS,Chrome,9,18,True,False
U0121,Customer_Support,Branch_Bengaluru,12.9716,77.5946,India,Windows_11,Safari,9,19,True,True
U0122,Engineering,HQ_NewYork,40.7128,-74.006,USA,Ubuntu_22,Chrome,7,18,False,True
U0123,R&D,Branch_Bengaluru,12.9716,77.5946,India,Windows_10,Safari,9,17,True,False
U0124,Marketing,HQ_NewYork,40.7128,-74.006,USA,Windows_10,Safari,8,18,False,True
U0125,IT_Ops,Branch_Berlin,52.52,13.405,Germany,Windows_11,Safari,8,18,False,False
U0126,R&D,HQ_NewYork,40.7128,-74.006,USA,Windows_11,Chrome,8,18,False,False
U0127,Sales,HQ_NewYork,40.7128,-74.006,USA,Windows_10,Firefox,8,18,True,False
U0128,Marketing,Branch_Sydney,-33.8688,151.2093,Australia,Windows_10,Edge,7,17,True,True
U0129,Engineering,Branch_Bengaluru,12.9716,77.5946,India,macOS,Chrome,7,19,True,False
U0130,Customer_Support,HQ_NewYork,40.7128,-74.006,USA,Ubuntu_22,Safari,8,17,True,True
U0131,Executive,HQ_NewYork,40.7128,-74.006,USA,Ubuntu_22,Chrome,7,20,True,False
U0132,Finance,Branch_Singapore,1.3521,103.8198,Singapore,Windows_11,Chrome,8,18,True,True
U0133,Executive,Branch_Berlin,52.52,13.405,Germany,Ubuntu_22,Edge,8,20,True,False
U0134,Customer_Support,Branch_Toronto,43.6532,-79.3832,Canada,Ubuntu_22,Safari,7,20,True,False
U0135,Legal,Branch_Toronto,43.6532,-79.3832,Canada,macOS,Safari,8,19,True,True
U0136,R&D,HQ_NewYork,40.7128,-74.006,USA,Windows_11,Chrome,8,17,True,False
U0137,HR,Branch_Berlin,52.52,13.405,Germany,macOS,Chrome,8,19,False,False
U0138,Legal,Branch_Sydney,-33.8688,151.2093,Australia,macOS,Edge,8,17,True,True
U0139,R&D,HQ_London,51.5074,-0.1278,UK,macOS,Edge,7,19,True,False
U0140,Customer_Support,Branch_Sydney,-33.8688,151.2093,Australia,macOS,Chrome,7,19,True,True
U0141,IT_Ops,Branch_Bengaluru,12.9716,77.5946,India,Windows_10,Firefox,9,20,True,False
U0142,Engineering,HQ_NewYork,40.7128,-74.006,USA,Ubuntu_22,Safari,8,19,True,True
U0143,IT_Ops,Branch_Sydney,-33.8688,151.2093,Australia,Windows_11,Firefox,7,17,True,True
U0144,Legal,Branch_Singapore,1.3521,103.8198,Singapore,Ubuntu_22,Edge,7,17,True,True
U0145,Executive,Branch_Singapore,1.3521,103.8198,Singapore,Windows_11,Firefox,8,17,True,True
U0146,Sales,Branch_Sydney,-33.8688,151.2093,Australia,macOS,Edge,8,17,True,False
U0147,HR,HQ_London,51.5074,-0.1278,UK,Windows_10,Edge,7,20,False,True
U0148,Engineering,Branch_Singapore,1.3521,103.8198,Singapore,macOS,Safari,9,20,True,False
U0149,Finance,Branch_Singapore,1.3521,103.8198,Singapore,macOS,Firefox,9,20,True,False
U0150,Finance,Branch_Singapore,1.3521,103.8198,Singapore,Windows_10,Safari,9,20,True,False
U0151,Marketing,Branch_Toronto,43.6532,-79.3832,Canada,Windows_10,Edge,7,17,True,True
U0152,Customer_Support,HQ_London,51.5074,-0.1278,UK,macOS,Firefox,7,17,True,True
U0153,Executive,HQ_London,51.5074,-0.1278,UK,Windows_10,Safari,8,20,True,False
U0154,Executive,Branch_Bengaluru,12.9716,77.5946,India,Windows_10,Safari,7,20,True,True
U0155,Marketing,Branch_Berlin,52.52,13.405,Germany,macOS,Chrome,8,20,True,True
U0156,Marketing,HQ_NewYork,40.7128,-74.006,USA,Ubuntu_22,Safari,9,17,True,False
U0157,Sales,Branch_Bengaluru,12.9716,77.5946,India,Windows_10,Chrome,8,17,True,False
U0158,Finance,Branch_Berlin,52.52,13.405,Germany,Windows_11,Firefox,9,20,False,False
U0159,Executive,HQ_London,51.5074,-0.1278,UK,macOS,Edge,8,20,True,False
U0160,Engineering,Branch_Sydney,-33.8688,151.2093,Australia,Windows_11,Edge,7,20,True,False
U0161,Executive,Branch_Sydney,-33.8688,151.2093,Australia,macOS,Chrome,9,18,False,True
U0162,Legal,HQ_London,51.5074,-0.1278,UK,macOS,Safari,9,19,True,False
U0163,Customer_Support,HQ_NewYork,40.7128,-74.006,USA,macOS,Chrome,8,19,True,True
U0164,R&D,HQ_London,51.5074,-0.1278,UK,Windows_10,Firefox,7,19,True,True
U0165,Customer_Support,Branch_Sydney,-33.8688,151.2093,Australia,macOS,Firefox,9,20,True,True
U0166,Executive,Branch_Sydney,-33.8688,151.2093,Australia,Ubuntu_22,Chrome,8,19,True,True
U0167,R&D,Branch_Berlin,52.52,13.405,Germany,Ubuntu_22,Firefox,9,18,True,False
U0168,R&D,Branch_Sydney,-33.8688,151.2093,Australia,macOS,Safari,8,19,True,False
U0169,Legal,HQ_London,51.5074,-0.1278,UK,Windows_10,Edge,7,20,False,False
U0170,Finance,Branch_Toronto,43.6532,-79.3832,Canada,macOS,Chrome,7,19,True,False
U0171,Legal,HQ_NewYork,40.7128,-74.006,USA,Ubuntu_22,Edge,7,20,True,False
U0172,Sales,Branch_Singapore,1.3521,103.8198,Singapore,macOS,Firefox,7,19,False,False
U0173,IT_Ops,Branch_Sydney,-33.8688,151.2093,Australia,Windows_10,Chrome,8,20,True,True
U0174,R&D,Branch_Singapore,1.3521,103.8198,Singapore,Windows_11,Chrome,8,18,True,False
U0175,Executive,Branch_Berlin,52.52,13.405,Germany,Windows_11,Edge,7,19,True,True
U0176,Executive,Branch_Singapore,1.3521,103.8198,Singapore,Windows_11,Safari,9,17,True,False
U0177,HR,Branch_Bengaluru,12.9716,77.5946,India,Windows_11,Edge,7,20,True,False
U0178,Customer_Support,Branch_Bengaluru,12.9716,77.5946,India,Windows_11,Safari,8,17,True,False
U0179,Marketing,Branch_Toronto,43.6532,-79.3832,Canada,macOS,Chrome,8,18,True,False
U0180,Executive,Branch_Toronto,43.6532,-79.3832,Canada,Windows_10,Chrome,8,19,True,True
U0181,R&D,Branch_Toronto,43.6532,-79.3832,Canada,Windows_10,Firefox,7,20,True,True
U0182,Sales,HQ_NewYork,40.7128,-74.006,USA,macOS,Safari,9,20,True,False
U0183,Sales,Branch_Bengaluru,12.9716,77.5946,India,Windows_11,Edge,8,17,True,False
U0184,Legal,Branch_Toronto,43.6532,-79.3832,Canada,Ubuntu_22,Edge,7,20,True,False
U0185,Customer_Support,Branch_Bengaluru,12.9716,77.5946,India,Ubuntu_22,Chrome,8,18,True,True
U0186,Finance,Branch_Bengaluru,12.9716,77.5946,India,macOS,Safari,9,20,True,False
U0187,R&D,HQ_NewYork,40.7128,-74.006,USA,Ubuntu_22,Edge,9,17,True,False
U0188,IT_Ops,Branch_Berlin,52.52,13.405,Germany,Windows_11,Firefox,9,20,True,True
U0189,IT_Ops,Branch_Bengaluru,12.9716,77.5946,India,Windows_11,Firefox,9,20,False,False
U0190,Finance,Branch_Berlin,52.52,13.405,Germany,macOS,Safari,8,19,True,True
U0191,HR,Branch_Singapore,1.3521,103.8198,Singapore,Windows_11,Edge,8,20,True,False
U0192,R&D,HQ_London,51.5074,-0.1278,UK,Windows_10,Chrome,8,18,False,False
U0193,Finance,Branch_Sydney,-33.8688,151.2093,Australia,macOS,Chrome,9,19,False,False
U0194,HR,Branch_Sydney,-33.8688,151.2093,Australia,Windows_10,Chrome,7,18,True,False
U0195,IT_Ops,Branch_Berlin,52.52,13.405,Germany,Ubuntu_22,Firefox,9,17,True,False
U0196,R&D,Branch_Berlin,52.52,13.405,Germany,Ubuntu_22,Chrome,7,19,True,False
U0197,Customer_Support,Branch_Bengaluru,12.9716,77.5946,India,Windows_10,Firefox,8,17,True,False
U0198,Marketing,HQ_London,51.5074,-0.1278,UK,macOS,Firefox,8,19,True,True
U0199,Customer_Support,Branch_Bengaluru,12.9716,77.5946,India,macOS,Chrome,9,18,True,False
U0200,HR,Branch_Toronto,43.6532,-79.3832,Canada,Windows_11,Chrome,7,17,False,False
U0201,Marketing,Branch_Toronto,43.6532,-79.3832,Canada,Ubuntu_22,Chrome,8,19,True,True
U0202,Sales,Branch_Sydney,-33.8688,151.2093,Australia,macOS,Safari,7,17,True,False
U0203,R&D,HQ_London,51.5074,-0.1278,UK,Windows_10,Edge,9,19,True,False
U0204,Legal,HQ_London,51.5074,-0.1278,UK,Windows_11,Edge,7,20,True,False
U0205,HR,HQ_NewYork,40.7128,-74.006,USA,macOS,Safari,9,20,True,False
U0206,HR,Branch_Sydney,-33.8688,151.2093,Australia,macOS,Firefox,7,20,False,False
U0207,Marketing,Branch_Singapore,1.3521,103.8198,Singapore,Windows_11,Safari,9,20,False,True
U0208,IT_Ops,HQ_NewYork,40.7128,-74.006,USA,macOS,Safari,9,20,True,True
U0209,Finance,Branch_Singapore,1.3521,103.8198,Singapore,macOS,Edge,8,19,True,True
U0210,Customer_Support,HQ_London,51.5074,-0.1278,UK,macOS,Chrome,8,20,True,True
U0211,Executive,Branch_Toronto,43.6532,-79.3832,Canada,Windows_10,Chrome,8,19,True,True
U0212,IT_Ops,Branch_Sydney,-33.8688,151.2093,Australia,Windows_10,Safari,9,17,True,True
U0213,IT_Ops,Branch_Sydney,-33.8688,151.2093,Australia,Ubuntu_22,Firefox,9,18,True,False
U0214,HR,Branch_Singapore,1.3521,103.8198,Singapore,macOS,Safari,9,19,True,True
U0215,IT_Ops,Branch_Toronto,43.6532,-79.3832,Canada,Ubuntu_22,Edge,9,17,True,True
U0216,Executive,Branch_Berlin,52.52,13.405,Germany,Windows_11,Safari,7,20,True,False
U0217,Engineering,Branch_Berlin,52.52,13.405,Germany,Windows_10,Chrome,8,19,True,False
U0218,Sales,Branch_Singapore,1.3521,103.8198,Singapore,Windows_11,Firefox,9,18,True,False
U0219,R&D,Branch_Berlin,52.52,13.405,Germany,macOS,Firefox,8,19,True,False
U0220,Marketing,Branch_Berlin,52.52,13.405,Germany,Windows_10,Firefox,8,19,True,False
U0221,Marketing,Branch_Sydney,-33.8688,151.2093,Australia,Windows_10,Safari,8,20,True,False
U0222,Marketing,Branch_Bengaluru,12.9716,77.5946,India,Ubuntu_22,Safari,8,18,True,True
U0223,Finance,Branch_Bengaluru,12.9716,77.5946,India,macOS,Safari,7,18,True,True
U0224,Customer_Support,Branch_Toronto,43.6532,-79.3832,Canada,Windows_10,Chrome,9,18,True,False
U0225,Customer_Support,HQ_London,51.5074,-0.1278,UK,Windows_11,Chrome,8,19,True,True
U0226,HR,HQ_NewYork,40.7128,-74.006,USA,Ubuntu_22,Safari,8,18,True,True
U0227,Marketing,Branch_Toronto,43.6532,-79.3832,Canada,Windows_11,Firefox,9,17,False,True
U0228,HR,HQ_NewYork,40.7128,-74.006,USA,Ubuntu_22,Firefox,9,19,False,True
U0229,Executive,Branch_Berlin,52.52,13.405,Germany,macOS,Edge,8,20,False,True
U0230,Customer_Support,Branch_Singapore,1.3521,103.8198,Singapore,Windows_10,Chrome,8,18,True,False
U0231,HR,HQ_NewYork,40.7128,-74.006,USA,macOS,Firefox,7,20,True,False
U0232,Finance,Branch_Singapore,1.3521,103.8198,Singapore,Windows_10,Firefox,8,19,False,True
U0233,Legal,HQ_London,51.5074,-0.1278,UK,macOS,Edge,8,17,True,False
U0234,Sales,HQ_NewYork,40.7128,-74.006,USA,Ubuntu_22,Edge,7,20,True,False
U0235,Marketing,Branch_Toronto,43.6532,-79.3832,Canada,macOS,Edge,9,18,True,True
U0236,HR,Branch_Singapore,1.3521,103.8198,Singapore,Ubuntu_22,Safari,9,18,True,False
U0237,Executive,Branch_Sydney,-33.8688,151.2093,Australia,Ubuntu_22,Edge,7,17,True,False
U0238,Customer_Support,HQ_London,51.5074,-0.1278,UK,Windows_10,Edge,9,20,True,True
U0239,Executive,Branch_Singapore,1.3521,103.8198,Singapore,Ubuntu_22,Chrome,8,18,True,False
U0240,Engineering,Branch_Berlin,52.52,13.405,Germany,macOS,Chrome,8,19,True,False
U0241,Executive,HQ_NewYork,40.7128,-74.006,USA,Ubuntu_22,Edge,9,17,True,True
U0242,Finance,Branch_Singapore,1.3521,103.8198,Singapore,macOS,Safari,7,18,True,False
U0243,Legal,Branch_Bengaluru,12.9716,77.5946,India,Ubuntu_22,Safari,8,17,True,False
U0244,Customer_Support,HQ_London,51.5074,-0.1278,UK,Windows_11,Firefox,9,20,True,False
U0245,Sales,Branch_Sydney,-33.8688,151.2093,Australia,Windows_11,Edge,8,20,True,False
U0246,Sales,Branch_Singapore,1.3521,103.8198,Singapore,Windows_10,Edge,7,17,True,False
U0247,Executive,Branch_Sydney,-33.8688,151.2093,Australia,Windows_10,Firefox,7,17,True,False
U0248,Engineering,HQ_London,51.5074,-0.1278,UK,Ubuntu_22,Safari,7,18,True,False
U0249,HR,Branch_Berlin,52.52,13.405,Germany,Windows_10,Edge,9,19,True,False
U0250,Customer_Support,HQ_London,51.5074,-0.1278,UK,macOS,Edge,7,18,True,False
U0251,R&D,HQ_NewYork,40.7128,-74.006,USA,Ubuntu_22,Edge,9,20,True,True
U0252,HR,Branch_Sydney,-33.8688,151.2093,Australia,Windows_10,Firefox,8,18,True,False
U0253,Customer_Support,Branch_Singapore,1.3521,103.8198,Singapore,Windows_10,Safari,7,19,True,False
U0254,R&D,Branch_Sydney,-33.8688,151.2093,Australia,Windows_11,Firefox,7,19,True,False
U0255,Engineering,Branch_Sydney,-33.8688,151.2093,Australia,Windows_10,Firefox,8,18,False,True
U0256,Engineering,HQ_London,51.5074,-0.1278,UK,Windows_11,Safari,7,18,True,True
U0257,IT_Ops,Branch_Sydney,-33.8688,151.2093,Australia,Ubuntu_22,Safari,9,19,True,False
U0258,R&D,Branch_Singapore,1.3521,103.8198,Singapore,Ubuntu_22,Edge,7,19,True,True
U0259,Sales,Branch_Toronto,43.6532,-79.3832,Canada,Windows_11,Edge,9,20,True,True
U0260,Sales,Branch_Singapore,1.3521,103.8198,Singapore,Ubuntu_22,Edge,8,20,False,False
U0261,R&D,Branch_Singapore,1.3521,103.8198,Singapore,macOS,Firefox,7,20,True,False
U0262,Engineering,Branch_Berlin,52.52,13.405,Germany,Windows_11,Chrome,7,20,True,False
U0263,Finance,Branch_Toronto,43.6532,-79.3832,Canada,Windows_11,Firefox,9,20,True,False
U0264,Executive,Branch_Singapore,1.3521,103.8198,Singapore,Windows_11,Chrome,9,20,True,False
U0265,Marketing,Branch_Berlin,52.52,13.405,Germany,Windows_11,Safari,7,17,False,False
U0266,Sales,HQ_London,51.5074,-0.1278,UK,macOS,Edge,8,17,True,False
U0267,Executive,HQ_London,51.5074,-0.1278,UK,macOS,Chrome,9,17,True,False
U0268,Customer_Support,Branch_Singapore,1.3521,103.8198,Singapore,Windows_11,Firefox,7,20,True,False
U0269,IT_Ops,Branch_Berlin,52.52,13.405,Germany,Windows_11,Firefox,7,20,True,False
U0270,Marketing,Branch_Berlin,52.52,13.405,Germany,Windows_10,Edge,7,18,True,False
U0271,Legal,HQ_NewYork,40.7128,-74.006,USA,Windows_10,Firefox,9,20,True,False
U0272,Legal,Branch_Sydney,-33.8688,151.2093,Australia,Windows_11,Edge,7,17,True,False
U0273,IT_Ops,Branch_Berlin,52.52,13.405,Germany,macOS,Chrome,9,19,True,False
U0274,Sales,Branch_Bengaluru,12.9716,77.5946,India,Ubuntu_22,Firefox,9,20,True,False
U0275,Sales,Branch_Toronto,43.6532,-79.3832,Canada,Windows_11,Edge,7,20,True,False
U0276,Legal,Branch_Bengaluru,12.9716,77.5946,India,Windows_11,Chrome,7,19,True,False
U0277,Finance,HQ_London,51.5074,-0.1278,UK,Windows_10,Safari,8,20,True,True
U0278,Customer_Support,HQ_NewYork,40.7128,-74.006,USA,Ubuntu_22,Chrome,8,20,True,True
U0279,Customer_Support,HQ_London,51.5074,-0.1278,UK,Ubuntu_22,Firefox,7,19,True,False
U0280,Finance,HQ_London,51.5074,-0.1278,UK,macOS,Safari,8,20,True,False
U0281,Sales,Branch_Toronto,43.6532,-79.3832,Canada,Windows_10,Safari,7,18,True,False
U0282,IT_Ops,Branch_Sydney,-33.8688,151.2093,Australia,macOS,Safari,8,20,True,False
U0283,Executive,HQ_London,51.5074,-0.1278,UK,macOS,Firefox,8,19,True,False
U0284,IT_Ops,Branch_Bengaluru,12.9716,77.5946,India,Windows_10,Edge,8,19,True,False
U0285,Finance,Branch_Berlin,52.52,13.405,Germany,Windows_10,Chrome,9,20,False,True
U0286,Marketing,Branch_Sydney,-33.8688,151.2093,Australia,Ubuntu_22,Safari,7,19,True,False
U0287,Legal,Branch_Sydney,-33.8688,151.2093,Australia,Windows_11,Safari,9,20,True,False
U0288,Legal,Branch_Berlin,52.52,13.405,Germany,macOS,Chrome,7,18,True,False
U0289,Executive,HQ_NewYork,40.7128,-74.006,USA,macOS,Safari,7,17,True,True
U0290,Customer_Support,Branch_Berlin,52.52,13.405,Germany,Ubuntu_22,Edge,8,20,True,False
U0291,Customer_Support,HQ_London,51.5074,-0.1278,UK,Windows_11,Safari,7,19,True,False
U0292,Finance,Branch_Sydney,-33.8688,151.2093,Australia,macOS,Edge,8,20,True,False
U0293,IT_Ops,Branch_Singapore,1.3521,103.8198,Singapore,Ubuntu_22,Safari,8,17,True,False
U0294,Finance,HQ_NewYork,40.7128,-74.006,USA,Windows_11,Firefox,9,18,True,False
U0295,IT_Ops,Branch_Berlin,52.52,13.405,Germany,Ubuntu_22,Firefox,8,18,True,False
U0296,Legal,HQ_NewYork,40.7128,-74.006,USA,Ubuntu_22,Safari,8,17,True,True
U0297,Finance,Branch_Berlin,52.52,13.405,Germany,Windows_10,Edge,8,18,True,True
U0298,R&D,Branch_Berlin,52.52,13.405,Germany,Ubuntu_22,Safari,9,17,True,False
U0299,Executive,HQ_London,51.5074,-0.1278,UK,Windows_11,Firefox,8,17,True,True
U0300,IT_Ops,Branch_Toronto,43.6532,-79.3832,Canada,Ubuntu_22,Safari,9,18,True,False
U0301,R&D,Branch_Toronto,43.6532,-79.3832,Canada,Windows_10,Safari,8,18,True,False
U0302,Executive,HQ_NewYork,40.7128,-74.006,USA,Windows_11,Safari,7,18,True,False
U0303,Customer_Support,Branch_Toronto,43.6532,-79.3832,Canada,Ubuntu_22,Safari,8,20,True,True
U0304,Engineering,Branch_Sydney,-33.8688,151.2093,Australia,macOS,Chrome,8,18,True,True
U0305,R&D,Branch_Berlin,52.52,13.405,Germany,Windows_11,Chrome,8,19,True,False
U0306,R&D,Branch_Berlin,52.52,13.405,Germany,Ubuntu_22,Chrome,9,18,True,False
U0307,R&D,Branch_Bengaluru,12.9716,77.5946,India,Windows_11,Safari,7,18,True,False
U0308,IT_Ops,Branch_Sydney,-33.8688,151.2093,Australia,Windows_10,Firefox,7,18,True,False
U0309,Customer_Support,Branch_Bengaluru,12.9716,77.5946,India,macOS,Edge,8,19,False,False
U0310,Finance,HQ_London,51.5074,-0.1278,UK,Windows_11,Edge,9,18,True,True
U0311,HR,Branch_Toronto,43.6532,-79.3832,Canada,Windows_10,Safari,8,18,True,True
U0312,Legal,Branch_Singapore,1.3521,103.8198,Singapore,Windows_11,Chrome,8,19,True,False
U0313,R&D,Branch_Singapore,1.3521,103.8198,Singapore,Windows_11,Chrome,9,20,True,False
U0314,Finance,Branch_Sydney,-33.8688,151.2093,Australia,Windows_10,Safari,7,20,True,False
U0315,IT_Ops,Branch_Berlin,52.52,13.405,Germany,Ubuntu_22,Edge,9,17,True,False
U0316,R&D,HQ_NewYork,40.7128,-74.006,USA,Windows_10,Safari,8,17,False,False
U0317,HR,Branch_Toronto,43.6532,-79.3832,Canada,Windows_10,Edge,7,19,True,False
U0318,HR,HQ_NewYork,40.7128,-74.006,USA,macOS,Firefox,8,17,True,True
U0319,R&D,HQ_NewYork,40.7128,-74.006,USA,Windows_10,Safari,7,17,True,False
U0320,Legal,Branch_Toronto,43.6532,-79.3832,Canada,Ubuntu_22,Chrome,7,20,True,False
U0321,Finance,Branch_Bengaluru,12.9716,77.5946,India,macOS,Firefox,8,18,True,False
U0322,Finance,Branch_Berlin,52.52,13.405,Germany,Windows_10,Safari,8,18,True,True
U0323,Legal,Branch_Berlin,52.52,13.405,Germany,Windows_10,Chrome,7,18,True,False
U0324,Legal,Branch_Bengaluru,12.9716,77.5946,India,macOS,Firefox,7,19,True,True
U0325,Executive,Branch_Berlin,52.52,13.405,Germany,Windows_11,Edge,7,18,True,True
U0326,Engineering,Branch_Sydney,-33.8688,151.2093,Australia,Ubuntu_22,Safari,7,18,True,False
U0327,Customer_Support,HQ_NewYork,40.7128,-74.006,USA,macOS,Firefox,8,20,True,False
U0328,R&D,Branch_Sydney,-33.8688,151.2093,Australia,Windows_11,Chrome,7,19,True,False
U0329,Legal,Branch_Berlin,52.52,13.405,Germany,Ubuntu_22,Safari,9,20,True,False
U0330,Executive,HQ_London,51.5074,-0.1278,UK,Windows_11,Edge,7,18,False,True
U0331,IT_Ops,Branch_Singapore,1.3521,103.8198,Singapore,macOS,Safari,9,18,True,True
U0332,Legal,HQ_NewYork,40.7128,-74.006,USA,Windows_11,Edge,9,18,True,False
U0333,Engineering,HQ_London,51.5074,-0.1278,UK,macOS,Edge,7,19,True,False
U0334,Marketing,Branch_Toronto,43.6532,-79.3832,Canada,Windows_11,Edge,8,19,True,True
U0335,Executive,Branch_Toronto,43.6532,-79.3832,Canada,Ubuntu_22,Safari,9,19,True,False
U0336,HR,Branch_Bengaluru,12.9716,77.5946,India,macOS,Chrome,9,17,True,False
U0337,Engineering,Branch_Sydney,-33.8688,151.2093,Australia,Windows_10,Chrome,8,19,True,True
U0338,Engineering,Branch_Berlin,52.52,13.405,Germany,Windows_10,Edge,7,20,False,True
U0339,Finance,Branch_Berlin,52.52,13.405,Germany,Windows_11,Chrome,7,18,True,False
U0340,Legal,HQ_NewYork,40.7128,-74.006,USA,macOS,Edge,8,17,True,True
U0341,Sales,Branch_Bengaluru,12.9716,77.5946,India,Windows_10,Safari,8,20,False,False
U0342,Customer_Support,Branch_Sydney,-33.8688,151.2093,Australia,Windows_10,Chrome,8,17,True,True
U0343,Engineering,Branch_Bengaluru,12.9716,77.5946,India,Ubuntu_22,Edge,7,18,True,True
U0344,R&D,HQ_NewYork,40.7128,-74.006,USA,macOS,Chrome,7,18,False,False
U0345,IT_Ops,Branch_Singapore,1.3521,103.8198,Singapore,Windows_11,Firefox,9,20,True,False
U0346,Legal,Branch_Toronto,43.6532,-79.3832,Canada,Windows_10,Edge,8,19,False,False
U0347,IT_Ops,Branch_Bengaluru,12.9716,77.5946,India,macOS,Firefox,7,18,True,False
U0348,Finance,HQ_London,51.5074,-0.1278,UK,Windows_10,Safari,8,19,True,False
U0349,Sales,Branch_Singapore,1.3521,103.8198,Singapore,Ubuntu_22,Edge,7,17,True,False
U0350,Executive,HQ_NewYork,40.7128,-74.006,USA,macOS,Firefox,7,18,False,False
U0351,Engineering,Branch_Toronto,43.6532,-79.3832,Canada,macOS,Firefox,7,20,False,False
U0352,Customer_Support,HQ_London,51.5074,-0.1278,UK,Ubuntu_22,Chrome,7,17,True,False
U0353,Sales,HQ_London,51.5074,-0.1278,UK,Ubuntu_22,Edge,9,17,True,True
U0354,Finance,HQ_NewYork,40.7128,-74.006,USA,Windows_10,Safari,7,17,False,False
U0355,IT_Ops,HQ_NewYork,40.7128,-74.006,USA,Ubuntu_22,Chrome,7,20,True,False
U0356,Engineering,Branch_Singapore,1.3521,103.8198,Singapore,Windows_10,Edge,7,18,True,False
U0357,HR,HQ_NewYork,40.7128,-74.006,USA,macOS,Safari,8,20,True,True
U0358,HR,Branch_Singapore,1.3521,103.8198,Singapore,Windows_10,Chrome,8,19,True,False
U0359,IT_Ops,Branch_Berlin,52.52,13.405,Germany,Ubuntu_22,Edge,7,17,True,True
U0360,Marketing,HQ_NewYork,40.7128,-74.006,USA,macOS,Firefox,7,17,True,True
U0361,Customer_Support,Branch_Sydney,-33.8688,151.2093,Australia,Windows_10,Safari,8,18,True,False
U0362,IT_Ops,Branch_Berlin,52.52,13.405,Germany,macOS,Firefox,9,18,True,False
U0363,R&D,Branch_Berlin,52.52,13.405,Germany,Windows_10,Safari,7,17,True,False
U0364,Engineering,Branch_Berlin,52.52,13.405,Germany,Windows_11,Edge,9,18,True,True
U0365,HR,Branch_Sydney,-33.8688,151.2093,Australia,Windows_11,Chrome,7,18,True,False
U0366,IT_Ops,HQ_NewYork,40.7128,-74.006,USA,Ubuntu_22,Chrome,8,19,True,False
U0367,Legal,Branch_Sydney,-33.8688,151.2093,Australia,macOS,Firefox,9,19,True,False
U0368,HR,Branch_Singapore,1.3521,103.8198,Singapore,macOS,Firefox,7,17,False,False
U0369,Legal,Branch_Sydney,-33.8688,151.2093,Australia,Windows_10,Edge,9,18,True,True
U0370,R&D,HQ_London,51.5074,-0.1278,UK,Windows_11,Firefox,8,19,True,False
U0371,Finance,Branch_Sydney,-33.8688,151.2093,Australia,Ubuntu_22,Chrome,8,18,True,True
U0372,Marketing,Branch_Sydney,-33.8688,151.2093,Australia,Windows_11,Chrome,8,20,True,False
U0373,Legal,Branch_Singapore,1.3521,103.8198,Singapore,macOS,Safari,7,20,True,False
U0374,Sales,HQ_London,51.5074,-0.1278,UK,Windows_11,Chrome,8,17,True,False
U0375,Finance,Branch_Bengaluru,12.9716,77.5946,India,Ubuntu_22,Firefox,9,17,True,False
U0376,Finance,Branch_Bengaluru,12.9716,77.5946,India,Windows_11,Safari,9,18,True,False
U0377,Engineering,HQ_NewYork,40.7128,-74.006,USA,Windows_10,Firefox,8,19,True,True
U0378,Finance,HQ_NewYork,40.7128,-74.006,USA,Ubuntu_22,Firefox,7,19,True,True
U0379,Executive,Branch_Singapore,1.3521,103.8198,Singapore,Windows_11,Chrome,7,18,True,False
U0380,R&D,Branch_Sydney,-33.8688,151.2093,Australia,macOS,Safari,8,20,False,True
U0381,Customer_Support,Branch_Singapore,1.3521,103.8198,Singapore,macOS,Safari,8,18,True,True
U0382,R&D,Branch_Bengaluru,12.9716,77.5946,India,macOS,Chrome,7,17,True,True
U0383,Customer_Support,Branch_Singapore,1.3521,103.8198,Singapore,Windows_11,Safari,9,20,False,False
U0384,R&D,Branch_Berlin,52.52,13.405,Germany,Ubuntu_22,Edge,7,20,False,False
U0385,Customer_Support,Branch_Berlin,52.52,13.405,Germany,Windows_11,Safari,7,18,False,False
U0386,HR,HQ_NewYork,40.7128,-74.006,USA,Windows_11,Safari,7,18,True,True
U0387,Finance,HQ_NewYork,40.7128,-74.006,USA,Ubuntu_22,Edge,8,20,False,True
U0388,Executive,Branch_Berlin,52.52,13.405,Germany,Windows_11,Safari,7,18,True,False
U0389,Finance,HQ_NewYork,40.7128,-74.006,USA,macOS,Edge,8,19,True,False
U0390,Executive,Branch_Singapore,1.3521,103.8198,Singapore,Windows_10,Edge,8,18,True,False
U0391,Legal,HQ_NewYork,40.7128,-74.006,USA,macOS,Firefox,7,20,False,False
U0392,Engineering,Branch_Bengaluru,12.9716,77.5946,India,macOS,Edge,8,17,False,True
U0393,Marketing,Branch_Toronto,43.6532,-79.3832,Canada,macOS,Edge,9,20,True,True
U0394,R&D,HQ_London,51.5074,-0.1278,UK,Ubuntu_22,Edge,7,18,True,False
U0395,Legal,HQ_London,51.5074,-0.1278,UK,Windows_10,Firefox,7,17,True,False
U0396,IT_Ops,Branch_Toronto,43.6532,-79.3832,Canada,macOS,Edge,8,20,True,True
U0397,Engineering,HQ_London,51.5074,-0.1278,UK,Ubuntu_22,Safari,7,20,True,True
U0398,HR,Branch_Sydney,-33.8688,151.2093,Australia,Windows_11,Edge,7,20,True,False
U0399,Sales,Branch_Sydney,-33.8688,151.2093,Australia,Windows_10,Firefox,8,20,True,False
U0400,Engineering,Branch_Singapore,1.3521,103.8198,Singapore,Windows_10,Chrome,7,19,True,False
U0401,Marketing,Branch_Singapore,1.3521,103.8198,Singapore,macOS,Safari,8,18,True,False
U0402,Executive,Branch_Singapore,1.3521,103.8198,Singapore,Windows_11,Edge,9,19,True,True
U0403,Finance,Branch_Bengaluru,12.9716,77.5946,India,macOS,Edge,8,19,True,False
U0404,Sales,HQ_NewYork,40.7128,-74.006,USA,macOS,Firefox,9,17,True,False
U0405,Marketing,Branch_Singapore,1.3521,103.8198,Singapore,Ubuntu_22,Chrome,9,18,True,False
U0406,Customer_Support,Branch_Toronto,43.6532,-79.3832,Canada,macOS,Edge,7,18,True,False
U0407,Marketing,Branch_Toronto,43.6532,-79.3832,Canada,macOS,Chrome,7,19,True,False
U0408,Legal,Branch_Sydney,-33.8688,151.2093,Australia,macOS,Edge,9,19,True,True
U0409,Engineering,Branch_Sydney,-33.8688,151.2093,Australia,Ubuntu_22,Firefox,9,17,False,False
U0410,Marketing,Branch_Singapore,1.3521,103.8198,Singapore,Windows_10,Firefox,7,19,True,False
U0411,R&D,HQ_London,51.5074,-0.1278,UK,Windows_10,Chrome,8,19,True,True
U0412,Engineering,HQ_NewYork,40.7128,-74.006,USA,macOS,Firefox,7,18,True,False
U0413,Finance,HQ_London,51.5074,-0.1278,UK,Ubuntu_22,Safari,8,20,True,True
U0414,Sales,Branch_Toronto,43.6532,-79.3832,Canada,Windows_11,Edge,9,18,True,True
U0415,Sales,HQ_London,51.5074,-0.1278,UK,macOS,Firefox,7,20,True,True
U0416,Finance,Branch_Sydney,-33.8688,151.2093,Australia,macOS,Edge,8,19,True,False
U0417,HR,Branch_Bengaluru,12.9716,77.5946,India,macOS,Firefox,7,20,True,True
U0418,HR,HQ_London,51.5074,-0.1278,UK,Windows_10,Chrome,8,17,True,False
U0419,Customer_Support,Branch_Berlin,52.52,13.405,Germany,Windows_11,Chrome,9,17,True,True
U0420,R&D,Branch_Singapore,1.3521,103.8198,Singapore,macOS,Safari,9,18,True,False
U0421,Engineering,Branch_Bengaluru,12.9716,77.5946,India,Windows_11,Edge,9,18,True,False
U0422,Customer_Support,Branch_Toronto,43.6532,-79.3832,Canada,macOS,Chrome,7,20,True,True
U0423,Marketing,Branch_Sydney,-33.8688,151.2093,Australia,macOS,Safari,8,18,True,False
U0424,Sales,Branch_Toronto,43.6532,-79.3832,Canada,macOS,Firefox,7,17,True,False
U0425,Executive,Branch_Toronto,43.6532,-79.3832,Canada,Windows_10,Chrome,9,17,True,True
U0426,Marketing,Branch_Toronto,43.6532,-79.3832,Canada,Ubuntu_22,Edge,8,20,True,False
U0427,Engineering,Branch_Sydney,-33.8688,151.2093,Australia,macOS,Edge,8,17,True,False
U0428,Engineering,HQ_NewYork,40.7128,-74.006,USA,Windows_10,Edge,8,20,False,True
U0429,Finance,Branch_Bengaluru,12.9716,77.5946,India,Windows_10,Chrome,8,20,False,True
U0430,Legal,Branch_Toronto,43.6532,-79.3832,Canada,Ubuntu_22,Firefox,7,18,True,True
U0431,HR,HQ_NewYork,40.7128,-74.006,USA,Ubuntu_22,Safari,7,20,True,False
U0432,HR,Branch_Singapore,1.3521,103.8198,Singapore,Windows_11,Safari,8,17,True,False
U0433,Engineering,Branch_Toronto,43.6532,-79.3832,Canada,macOS,Chrome,8,18,True,False
U0434,Legal,HQ_London,51.5074,-0.1278,UK,Windows_11,Firefox,9,20,False,False
U0435,Finance,Branch_Sydney,-33.8688,151.2093,Australia,macOS,Firefox,8,19,True,True
U0436,Legal,Branch_Singapore,1.3521,103.8198,Singapore,Windows_11,Safari,8,20,True,False
U0437,IT_Ops,HQ_NewYork,40.7128,-74.006,USA,Windows_11,Chrome,8,20,True,False
U0438,Finance,Branch_Sydney,-33.8688,151.2093,Australia,Windows_10,Safari,8,19,True,False
U0439,R&D,Branch_Bengaluru,12.9716,77.5946,India,macOS,Safari,7,17,True,True
U0440,IT_Ops,Branch_Bengaluru,12.9716,77.5946,India,macOS,Chrome,7,18,True,False
U0441,Legal,HQ_NewYork,40.7128,-74.006,USA,Windows_10,Firefox,7,20,True,False
U0442,Sales,Branch_Toronto,43.6532,-79.3832,Canada,Windows_11,Safari,7,17,True,False
U0443,Executive,Branch_Berlin,52.52,13.405,Germany,Ubuntu_22,Chrome,9,17,True,False
U0444,Executive,Branch_Singapore,1.3521,103.8198,Singapore,Windows_10,Firefox,7,20,True,False
U0445,IT_Ops,Branch_Berlin,52.52,13.405,Germany,Ubuntu_22,Firefox,8,20,False,False
U0446,R&D,Branch_Sydney,-33.8688,151.2093,Australia,Windows_10,Safari,9,19,True,False
U0447,IT_Ops,Branch_Toronto,43.6532,-79.3832,Canada,Windows_10,Firefox,9,19,True,False
U0448,HR,Branch_Toronto,43.6532,-79.3832,Canada,macOS,Chrome,8,20,True,False
U0449,Legal,Branch_Toronto,43.6532,-79.3832,Canada,Ubuntu_22,Chrome,9,17,True,True
U0450,Engineering,HQ_London,51.5074,-0.1278,UK,Windows_10,Edge,9,19,True,True
U0451,Marketing,HQ_London,51.5074,-0.1278,UK,macOS,Safari,7,18,True,False
U0452,Sales,Branch_Berlin,52.52,13.405,Germany,Windows_11,Safari,8,20,False,False
U0453,IT_Ops,Branch_Berlin,52.52,13.405,Germany,Windows_11,Edge,7,20,True,False
U0454,IT_Ops,Branch_Sydney,-33.8688,151.2093,Australia,Windows_10,Edge,8,18,False,True
U0455,HR,Branch_Toronto,43.6532,-79.3832,Canada,Ubuntu_22,Chrome,8,19,True,True
U0456,Executive,Branch_Sydney,-33.8688,151.2093,Australia,Windows_11,Edge,8,18,True,False
U0457,Executive,HQ_NewYork,40.7128,-74.006,USA,Ubuntu_22,Edge,7,19,True,False
U0458,Customer_Support,HQ_NewYork,40.7128,-74.006,USA,Ubuntu_22,Safari,7,19,True,True
U0459,IT_Ops,Branch_Bengaluru,12.9716,77.5946,India,macOS,Firefox,9,20,False,False
U0460,Engineering,HQ_NewYork,40.7128,-74.006,USA,Ubuntu_22,Firefox,9,18,False,False
U0461,IT_Ops,Branch_Singapore,1.3521,103.8198,Singapore,Ubuntu_22,Edge,9,19,True,False
U0462,IT_Ops,Branch_Berlin,52.52,13.405,Germany,Ubuntu_22,Chrome,8,18,True,True
U0463,Finance,HQ_London,51.5074,-0.1278,UK,Windows_11,Firefox,9,18,False,False
U0464,Finance,HQ_London,51.5074,-0.1278,UK,Windows_11,Firefox,7,20,True,True
U0465,Finance,HQ_NewYork,40.7128,-74.006,USA,macOS,Chrome,9,18,False,False
U0466,R&D,Branch_Toronto,43.6532,-79.3832,Canada,Ubuntu_22,Edge,7,20,True,False
U0467,Executive,HQ_NewYork,40.7128,-74.006,USA,Windows_11,Edge,9,17,True,False
U0468,Executive,HQ_NewYork,40.7128,-74.006,USA,Ubuntu_22,Safari,8,17,True,False
U0469,HR,Branch_Toronto,43.6532,-79.3832,Canada,macOS,Firefox,8,19,False,True
U0470,Customer_Support,HQ_London,51.5074,-0.1278,UK,Windows_11,Chrome,9,20,True,False
U0471,Marketing,HQ_London,51.5074,-0.1278,UK,Windows_10,Safari,9,18,True,True
U0472,Marketing,HQ_London,51.5074,-0.1278,UK,Windows_10,Chrome,9,20,True,True
U0473,Finance,Branch_Bengaluru,12.9716,77.5946,India,Windows_10,Safari,8,19,True,False
U0474,Finance,Branch_Bengaluru,12.9716,77.5946,India,Windows_10,Edge,8,20,True,False
U0475,Executive,HQ_London,51.5074,-0.1278,UK,macOS,Safari,7,17,True,False
U0476,Legal,Branch_Bengaluru,12.9716,77.5946,India,Windows_10,Edge,8,20,True,False
U0477,R&D,Branch_Berlin,52.52,13.405,Germany,Windows_10,Chrome,8,18,False,True
U0478,Finance,Branch_Toronto,43.6532,-79.3832,Canada,Windows_11,Chrome,9,20,True,True
U0479,Engineering,Branch_Berlin,52.52,13.405,Germany,Ubuntu_22,Firefox,8,20,True,False
U0480,Marketing,HQ_London,51.5074,-0.1278,UK,Windows_11,Safari,8,17,True,False
U0481,Executive,Branch_Toronto,43.6532,-79.3832,Canada,Windows_10,Safari,7,18,True,False
U0482,HR,Branch_Toronto,43.6532,-79.3832,Canada,macOS,Chrome,7,20,True,True
U0483,Sales,HQ_NewYork,40.7128,-74.006,USA,macOS,Safari,8,20,False,True
U0484,IT_Ops,HQ_NewYork,40.7128,-74.006,USA,macOS,Firefox,8,20,True,False
U0485,Finance,Branch_Berlin,52.52,13.405,Germany,Ubuntu_22,Firefox,9,20,True,False
U0486,R&D,Branch_Sydney,-33.8688,151.2093,Australia,Windows_11,Firefox,8,18,True,False
U0487,Marketing,HQ_London,51.5074,-0.1278,UK,Windows_10,Firefox,8,17,True,False
U0488,IT_Ops,Branch_Toronto,43.6532,-79.3832,Canada,Ubuntu_22,Safari,8,18,True,False
U0489,Legal,HQ_NewYork,40.7128,-74.006,USA,Windows_11,Firefox,9,18,True,False
U0490,Executive,HQ_London,51.5074,-0.1278,UK,Windows_10,Edge,7,20,True,False
U0491,Engineering,Branch_Toronto,43.6532,-79.3832,Canada,Windows_11,Firefox,8,20,False,True
U0492,Legal,Branch_Berlin,52.52,13.405,Germany,Windows_10,Edge,7,19,False,False
U0493,Finance,HQ_London,51.5074,-0.1278,UK,Ubuntu_22,Firefox,7,17,True,False
U0494,Customer_Support,Branch_Toronto,43.6532,-79.3832,Canada,Windows_10,Chrome,7,20,False,False
U0495,Customer_Support,Branch_Berlin,52.52,13.405,Germany,Windows_11,Safari,9,18,False,False
U0496,Engineering,Branch_Sydney,-33.8688,151.2093,Australia,Ubuntu_22,Edge,7,20,True,False
U0497,Legal,Branch_Bengaluru,12.9716,77.5946,India,Ubuntu_22,Firefox,8,20,True,False
U0498,Finance,Branch_Bengaluru,12.9716,77.5946,India,macOS,Firefox,7,17,True,True
U0499,Engineering,Branch_Singapore,1.3521,103.8198,Singapore,macOS,Safari,8,17,True,False
U0500,Marketing,Branch_Bengaluru,12.9716,77.5946,India,macOS,Edge,9,20,True,False
